datum;talsperre;stauraum_mio_m3;inhalt_mio_m3;fuellgrad_pct;quelle
2021-09-01;Breitenbach;7.8;5.79;74.23;https://www.bra.nrw.de/system/files/media/document/file/talsperrenfuellstaende_01.09.2021.pdf
2021-09-01;Obernau;14.9;9.5;63.76;https://www.bra.nrw.de/system/files/media/document/file/talsperrenfuellstaende_01.09.2021.pdf
2021-09-15;Breitenbach;7.8;5.73;73.46;https://www.bra.nrw.de/system/files/media/document/file/talsperrenfuellstaende_vom_15.09.21.pdf
2021-09-15;Obernau;14.9;9.33;62.62;https://www.bra.nrw.de/system/files/media/document/file/talsperrenfuellstaende_vom_15.09.21.pdf
2021-10-01;Breitenbach;7.8;5.53;70.92;https://bra.nrw.de/system/files/media/document/file/talsperrenfuellstaende_01.10.2021.pdf
2021-10-01;Obernau;14.9;9.11;61.11;https://bra.nrw.de/system/files/media/document/file/talsperrenfuellstaende_01.10.2021.pdf
2021-10-15;Breitenbach;7.8;5.34;68.5;https://www.bra.nrw.de/system/files/media/document/file/talsperrenfuellstaende_15.10.2021.pdf
2021-10-15;Obernau;14.9;8.82;59.18;https://www.bra.nrw.de/system/files/media/document/file/talsperrenfuellstaende_15.10.2021.pdf
2021-11-01;Breitenbach;7.8;5.18;66.41;https://www.bra.nrw.de/system/files/media/document/file/talsperrenfuellstaende_01-11-2021.pdf
2021-11-01;Obernau;14.9;8.51;57.11;https://www.bra.nrw.de/system/files/media/document/file/talsperrenfuellstaende_01-11-2021.pdf
2021-11-15;Breitenbach;7.8;5.06;64.87;https://www.bra.nrw.de/system/files/media/document/file/talsperrenfuellstaende_15-11-2021.pdf
2021-11-15;Obernau;14.9;8.26;55.44;https://www.bra.nrw.de/system/files/media/document/file/talsperrenfuellstaende_15-11-2021.pdf
2021-12-01;Breitenbach;7.8;4.9;62.82;https://www.bra.nrw.de/system/files/media/document/file/talsperrenfuellstaende_2021-12-01.pdf
2021-12-01;Obernau;14.9;8.02;53.83;https://www.bra.nrw.de/system/files/media/document/file/talsperrenfuellstaende_2021-12-01.pdf
2021-12-15;Breitenbach;7.8;5.14;65.9;https://www.bra.nrw.de/system/files/media/document/file/talsperrenfuellstaende_vom_15.12.21.pdf
2021-12-15;Obernau;14.9;8.46;56.78;https://www.bra.nrw.de/system/files/media/document/file/talsperrenfuellstaende_vom_15.12.21.pdf
2022-01-01;Breitenbach;7.8;5.38;68.97;https://www.bra.nrw.de/system/files/media/document/file/talsperrenfullstande-vom-01.01.2022.pdf
2022-01-01;Obernau;14.9;8.89;59.66;https://www.bra.nrw.de/system/files/media/document/file/talsperrenfullstande-vom-01.01.2022.pdf
2022-02-01;Breitenbach;7.8;6.48;83.08;https://www.bra.nrw.de/system/files/media/document/file/talsperrenfuellstaende_01.02.2022.pdf
2022-02-01;Obernau;14.9;10.9;73.15;https://www.bra.nrw.de/system/files/media/document/file/talsperrenfuellstaende_01.02.2022.pdf
2022-02-15;Breitenbach;7.8;6.67;85.51;https://www.bra.nrw.de/system/files/media/document/file/talsperrenfuellstaende_vom_15.02.2022.pdf
2022-02-15;Obernau;14.9;12.71;85.3;https://www.bra.nrw.de/system/files/media/document/file/talsperrenfuellstaende_vom_15.02.2022.pdf
2022-03-01;Breitenbach;7.8;6.62;84.88;https://www.bra.nrw.de/system/files/media/document/file/talsperrenfullstande-vom-01.03.2022.pdf
2022-03-01;Obernau;14.9;13.68;91.81;https://www.bra.nrw.de/system/files/media/document/file/talsperrenfullstande-vom-01.03.2022.pdf
2022-03-15;Breitenbach;7.8;6.56;84.1;https://www.bra.nrw.de/system/files/media/document/file/talsperrenfuellstaende_15.03.2022.pdf
2022-03-15;Obernau;14.9;13.77;92.42;https://www.bra.nrw.de/system/files/media/document/file/talsperrenfuellstaende_15.03.2022.pdf
2022-04-15;Breitenbach;7.8;6.61;84.74;https://www.bra.nrw.de/system/files/media/document/file/talsperrenfullstande-vom-15.04.22.pdf
2022-04-15;Obernau;14.9;14.05;94.3;https://www.bra.nrw.de/system/files/media/document/file/talsperrenfullstande-vom-15.04.22.pdf
2022-05-01;Breitenbach;7.8;6.58;84.36;https://www.bra.nrw.de/system/files/media/document/file/talsperrenfuellstaende_01-05-22.pdf
2022-05-01;Obernau;14.9;13.92;93.42;https://www.bra.nrw.de/system/files/media/document/file/talsperrenfuellstaende_01-05-22.pdf
2022-05-15;Breitenbach;7.8;6.45;82.69;https://www.bra.nrw.de/system/files/media/document/file/talsperrenfuellstaende_15-05-22.pdf
2022-05-15;Obernau;14.9;13.73;92.15;https://www.bra.nrw.de/system/files/media/document/file/talsperrenfuellstaende_15-05-22.pdf
2022-06-15;Breitenbach;7.8;6.06;77.69;https://www.bra.nrw.de/system/files/media/document/file/talsperrenfuellstaende_vom_15.06.2022.pdf
2022-06-15;Obernau;14.9;12.98;87.11;https://www.bra.nrw.de/system/files/media/document/file/talsperrenfuellstaende_vom_15.06.2022.pdf
2022-07-01;Breitenbach;7.8;5.79;74.23;https://www.bra.nrw.de/system/files/media/document/file/talsperrenfuellstaende_vom_01-07-2022.pdf
2022-07-01;Obernau;14.9;12.57;84.36;https://www.bra.nrw.de/system/files/media/document/file/talsperrenfuellstaende_vom_01-07-2022.pdf
2022-08-01;Breitenbach;7.8;5.23;67.05;https://www.bra.nrw.de/system/files/media/document/file/talsperrenfuellstaende_v._01.08.22.pdf
2022-08-01;Obernau;14.9;11.68;78.39;https://www.bra.nrw.de/system/files/media/document/file/talsperrenfuellstaende_v._01.08.22.pdf
2022-08-15;Breitenbach;7.8;4.93;63.21;https://www.bra.nrw.de/system/files/media/document/file/talsperrenfuellstaende_15.08.2022.pdf
2022-08-15;Obernau;14.9;11.22;75.3;https://www.bra.nrw.de/system/files/media/document/file/talsperrenfuellstaende_15.08.2022.pdf
2022-09-01;Breitenbach;7.8;4.56;58.46;https://www.bra.nrw.de/system/files/media/document/file/talsperrenfuellstaende_01.09.2022.pdf
2022-09-01;Obernau;14.9;10.63;71.34;https://www.bra.nrw.de/system/files/media/document/file/talsperrenfuellstaende_01.09.2022.pdf
2022-09-15;Breitenbach;7.8;4.33;55.51;https://www.bra.nrw.de/system/files/media/document/file/talsperrenfuellstaende_vom_15.09.2022.pdf
2022-09-15;Obernau;14.9;10.27;68.93;https://www.bra.nrw.de/system/files/media/document/file/talsperrenfuellstaende_vom_15.09.2022.pdf
2022-10-01;Breitenbach;7.8;4.27;54.74;https://www.bra.nrw.de/system/files/media/document/file/2022-10-01_talsperrenfuellstaende.pdf
2022-10-01;Obernau;14.9;10.1;67.79;https://www.bra.nrw.de/system/files/media/document/file/2022-10-01_talsperrenfuellstaende.pdf
2022-10-15;Breitenbach;7.8;4.31;55.26;https://www.bra.nrw.de/system/files/media/document/file/2022-10-15_talsperrenfuellstaende.pdf
2022-10-15;Obernau;14.9;9.91;66.51;https://www.bra.nrw.de/system/files/media/document/file/2022-10-15_talsperrenfuellstaende.pdf
2022-11-01;Breitenbach;7.8;4.3;55.13;https://www.bra.nrw.de/system/files/media/document/file/2022-11-01_talsperrenfuellstaende.pdf
2022-11-01;Obernau;14.9;9.61;64.5;https://www.bra.nrw.de/system/files/media/document/file/2022-11-01_talsperrenfuellstaende.pdf
2022-11-15;Breitenbach;7.8;4.26;54.62;https://www.bra.nrw.de/system/files/media/document/file/2022-11-15_talsperrenfuellstaende.pdf
2022-11-15;Obernau;14.9;9.27;62.21;https://www.bra.nrw.de/system/files/media/document/file/2022-11-15_talsperrenfuellstaende.pdf
2022-12-01;Breitenbach;7.8;4.46;57.18;https://www.bra.nrw.de/system/files/media/document/file/2022-12-01_talsperrenfuellstaende.pdf
2022-12-01;Obernau;14.9;9.27;62.21;https://www.bra.nrw.de/system/files/media/document/file/2022-12-01_talsperrenfuellstaende.pdf
2022-12-15;Breitenbach;7.8;4.45;57.05;https://www.bra.nrw.de/system/files/media/document/file/2022-12-15_talsperrenfuellstaende.pdf
2022-12-15;Obernau;14.9;9.17;61.54;https://www.bra.nrw.de/system/files/media/document/file/2022-12-15_talsperrenfuellstaende.pdf
2023-01-01;Breitenbach;7.8;5.09;65.26;https://www.bra.nrw.de/system/files/media/document/file/2023-01-01_talsperrenfuellstaende.pdf
2023-01-01;Obernau;14.9;10.2;68.46;https://www.bra.nrw.de/system/files/media/document/file/2023-01-01_talsperrenfuellstaende.pdf
2023-01-15;Breitenbach;7.8;6.34;81.28;https://www.bra.nrw.de/system/files/media/document/file/2023-01-15_talsperrenfuellstaende.pdf
2023-01-15;Obernau;14.9;12.11;81.28;https://www.bra.nrw.de/system/files/media/document/file/2023-01-15_talsperrenfuellstaende.pdf
2023-02-01;Breitenbach;7.8;6.65;85.26;https://www.bra.nrw.de/system/files/media/document/file/2023-02-01_talsperrenfuellstaende.pdf
2023-02-01;Obernau;14.9;13.23;88.79;https://www.bra.nrw.de/system/files/media/document/file/2023-02-01_talsperrenfuellstaende.pdf
2023-02-15;Breitenbach;7.8;6.65;85.26;https://www.bra.nrw.de/system/files/media/document/file/2023-02-15_talsperrenfuellstaende.pdf
2023-02-15;Obernau;14.9;13.73;92.15;https://www.bra.nrw.de/system/files/media/document/file/2023-02-15_talsperrenfuellstaende.pdf
2023-03-01;Breitenbach;7.8;6.71;86.03;https://www.bra.nrw.de/system/files/media/document/file/2023-03-01_talsperrenfuellstaende.pdf
2023-03-01;Obernau;14.9;13.81;92.68;https://www.bra.nrw.de/system/files/media/document/file/2023-03-01_talsperrenfuellstaende.pdf
2023-03-15;Breitenbach;7.8;6.76;86.67;https://www.bra.nrw.de/system/files/media/document/file/2023-03-15_talsperrenfuellstaende.pdf
2023-03-15;Obernau;14.9;14.56;97.72;https://www.bra.nrw.de/system/files/media/document/file/2023-03-15_talsperrenfuellstaende.pdf
2023-04-01;Breitenbach;7.8;6.74;86.41;https://www.bra.nrw.de/system/files/media/document/file/2023-04-01_talsperrenfuellstaende_0.pdf
2023-04-01;Obernau;14.9;14.68;98.52;https://www.bra.nrw.de/system/files/media/document/file/2023-04-01_talsperrenfuellstaende_0.pdf
2023-04-15;Breitenbach;7.8;6.76;86.67;https://www.bra.nrw.de/system/files/media/document/file/2023-04-15_talsperrenfuellstaende.pdf
2023-04-15;Obernau;14.9;14.75;98.99;https://www.bra.nrw.de/system/files/media/document/file/2023-04-15_talsperrenfuellstaende.pdf
2023-05-01;Breitenbach;7.8;6.73;86.28;https://www.bra.nrw.de/system/files/media/document/file/2023-05-01_talsperrenfuellstaende.pdf
2023-05-01;Obernau;14.9;14.76;99.06;https://www.bra.nrw.de/system/files/media/document/file/2023-05-01_talsperrenfuellstaende.pdf
2023-05-15;Breitenbach;7.8;6.74;86.41;https://www.bra.nrw.de/system/files/media/document/file/2023-05-15_talsperrenfuellstaende.pdf
2023-05-15;Obernau;14.9;14.79;99.26;https://www.bra.nrw.de/system/files/media/document/file/2023-05-15_talsperrenfuellstaende.pdf
2023-06-01;Breitenbach;7.8;6.66;85.38;https://www.bra.nrw.de/system/files/media/document/file/2023-06-01_talsperrenfuellstaende.pdf
2023-06-01;Obernau;14.9;14.59;97.92;https://www.bra.nrw.de/system/files/media/document/file/2023-06-01_talsperrenfuellstaende.pdf
2023-06-15;Breitenbach;7.8;6.45;82.69;https://www.bra.nrw.de/system/files/media/document/file/2023-06-15_talsperrenfuellstaende.pdf
2023-06-15;Obernau;14.9;14.19;95.23;https://www.bra.nrw.de/system/files/media/document/file/2023-06-15_talsperrenfuellstaende.pdf
2023-07-01;Breitenbach;7.8;6.29;80.64;https://www.bra.nrw.de/system/files/media/document/file/2023-07-01_talsperrenfuellstaende.pdf
2023-07-01;Obernau;14.9;13.81;92.68;https://www.bra.nrw.de/system/files/media/document/file/2023-07-01_talsperrenfuellstaende.pdf
2023-07-15;Breitenbach;7.8;6.1;78.15;https://www.bra.nrw.de/system/files/media/document/file/2023-07-15_-_talsperrenfuellstaende.pdf
2023-07-15;Obernau;14.9;13.42;90.08;https://www.bra.nrw.de/system/files/media/document/file/2023-07-15_-_talsperrenfuellstaende.pdf
2023-08-01;Breitenbach;7.8;5.84;74.86;https://www.bra.nrw.de/system/files/media/document/file/2023-08-01_talsperrenfuellstaende.pdf
2023-08-01;Obernau;14.9;13.12;88.04;https://www.bra.nrw.de/system/files/media/document/file/2023-08-01_talsperrenfuellstaende.pdf
2023-08-15;Breitenbach;7.8;6.48;83.08;https://www.bra.nrw.de/system/files/media/document/file/2023-08-15_talsperrenfuellstaende.pdf
2023-08-15;Obernau;14.9;13.71;92.01;https://www.bra.nrw.de/system/files/media/document/file/2023-08-15_talsperrenfuellstaende.pdf
2023-09-01;Breitenbach;7.8;6.74;86.41;https://www.bra.nrw.de/system/files/media/document/file/2023-09-01_talsperrenfuellstaende.pdf
2023-09-01;Obernau;14.9;13.45;90.27;https://www.bra.nrw.de/system/files/media/document/file/2023-09-01_talsperrenfuellstaende.pdf
2023-09-15;Breitenbach;7.8;6.72;86.15;https://www.bra.nrw.de/system/files/media/document/file/2023-09-15_talsperrenfuellstaende.pdf
2023-09-15;Obernau;14.9;13.28;89.13;https://www.bra.nrw.de/system/files/media/document/file/2023-09-15_talsperrenfuellstaende.pdf
2023-10-01;Breitenbach;7.8;6.61;84.74;https://www.bra.nrw.de/system/files/media/document/file/2023-10-01_talsperrenfuellstaende.pdf
2023-10-01;Obernau;14.9;13.01;87.32;https://www.bra.nrw.de/system/files/media/document/file/2023-10-01_talsperrenfuellstaende.pdf
2023-10-15;Breitenbach;7.8;6.48;83.08;https://www.bra.nrw.de/system/files/media/document/file/2023-10-15_talsperrenfuellstaende.pdf
2023-10-15;Obernau;14.9;12.68;85.1;https://www.bra.nrw.de/system/files/media/document/file/2023-10-15_talsperrenfuellstaende.pdf
2023-11-01;Breitenbach;7.8;6.54;83.85;https://www.bra.nrw.de/system/files/media/document/file/2023-11-01_talsperrenfuellstaende.pdf
2023-11-01;Obernau;14.9;12.63;84.77;https://www.bra.nrw.de/system/files/media/document/file/2023-11-01_talsperrenfuellstaende.pdf
2023-11-15;Breitenbach;7.8;6.64;85.13;https://www.bra.nrw.de/system/files/media/document/file/2023-11-15_talsperrenfuellstaende.pdf
2023-11-15;Obernau;14.9;13.23;88.79;https://www.bra.nrw.de/system/files/media/document/file/2023-11-15_talsperrenfuellstaende.pdf
2023-12-01;Breitenbach;7.8;6.63;85.0;https://www.bra.nrw.de/system/files/media/document/file/2023-12-01_talsperrenfuellstaende.pdf
2023-12-01;Obernau;14.9;13.65;91.61;https://www.bra.nrw.de/system/files/media/document/file/2023-12-01_talsperrenfuellstaende.pdf
2023-12-15;Breitenbach;7.8;6.66;85.38;https://www.bra.nrw.de/system/files/media/document/file/2023-12-15_talsperrenfuellstaende.pdf
2023-12-15;Obernau;14.9;13.71;92.01;https://www.bra.nrw.de/system/files/media/document/file/2023-12-15_talsperrenfuellstaende.pdf
2024-02-01;Breitenbach;7.8;6.62;84.87;https://www.bra.nrw.de/system/files/media/document/file/2024-02-01-talsperrenfullstande.pdf
2024-02-01;Obernau;14.9;13.63;91.48;https://www.bra.nrw.de/system/files/media/document/file/2024-02-01-talsperrenfullstande.pdf
2024-04-01;Breitenbach;7.8;6.62;84.87;https://www.bra.nrw.de/system/files/media/document/file/2024-04-01-talsperrenfullstande.pdf
2024-04-01;Obernau;14.9;13.71;92.01;https://www.bra.nrw.de/system/files/media/document/file/2024-04-01-talsperrenfullstande.pdf
2024-04-15;Breitenbach;7.8;6.83;87.56;https://www.bra.nrw.de/system/files/media/document/file/2024-04-15-talsperrenfullstande.pdf
2024-04-15;Obernau;14.9;14.2;95.3;https://www.bra.nrw.de/system/files/media/document/file/2024-04-15-talsperrenfullstande.pdf
2024-05-01;Breitenbach;7.8;6.78;86.92;https://www.bra.nrw.de/system/files/media/document/file/2024-05-01-talsperrenfullstande.pdf
2024-05-01;Obernau;14.9;14.52;97.45;https://www.bra.nrw.de/system/files/media/document/file/2024-05-01-talsperrenfullstande.pdf
2024-05-15;Breitenbach;7.8;6.75;86.54;https://www.bra.nrw.de/system/files/media/document/file/2024-05-15_talsperrenfuellstaende.pdf
2024-05-15;Obernau;14.9;14.76;99.06;https://www.bra.nrw.de/system/files/media/document/file/2024-05-15_talsperrenfuellstaende.pdf
2024-07-15;Breitenbach;7.8;6.51;83.46;https://www.bra.nrw.de/system/files/media/document/file/2024-07-15_talsperrenfuellstaende.pdf
2024-07-15;Obernau;14.9;14.34;96.24;https://www.bra.nrw.de/system/files/media/document/file/2024-07-15_talsperrenfuellstaende.pdf
2024-08-15;Breitenbach;7.8;6.22;79.74;https://www.bra.nrw.de/system/files/media/document/file/2024-08-15_talsperrenfuellstaende.pdf
2024-08-15;Obernau;14.9;13.94;93.56;https://www.bra.nrw.de/system/files/media/document/file/2024-08-15_talsperrenfuellstaende.pdf
2025-01-01;Breitenbach;7.8;6.7;85.9;https://www.bra.nrw.de/system/files/media/document/file/2025-01-01_talsperrenfuellstaende.pdf
2025-01-01;Obernau;14.9;13.29;89.19;https://www.bra.nrw.de/system/files/media/document/file/2025-01-01_talsperrenfuellstaende.pdf
2025-01-15;Breitenbach;7.8;6.62;84.87;https://www.bra.nrw.de/system/files/media/document/file/2025-01-15_talsperrenfuellstaende.pdf
2025-01-15;Obernau;14.9;13.66;91.68;https://www.bra.nrw.de/system/files/media/document/file/2025-01-15_talsperrenfuellstaende.pdf
2025-02-01;Breitenbach;7.8;6.69;85.77;https://www.bra.nrw.de/system/files/media/document/file/2025-02-01_talsperrenfuellstaende.pdf
2025-02-01;Obernau;14.9;13.79;92.55;https://www.bra.nrw.de/system/files/media/document/file/2025-02-01_talsperrenfuellstaende.pdf
2025-02-15;Breitenbach;7.8;6.62;84.87;https://www.bra.nrw.de/system/files/media/document/file/2025-02-15_talsperrenfuellstaende.pdf
2025-02-15;Obernau;14.9;13.58;91.14;https://www.bra.nrw.de/system/files/media/document/file/2025-02-15_talsperrenfuellstaende.pdf
2025-03-01;Breitenbach;7.8;6.55;83.97;https://www.bra.nrw.de/system/files/media/document/file/2025-03-01_talsperrenfuellstaende.pdf
2025-03-01;Obernau;14.9;13.37;89.73;https://www.bra.nrw.de/system/files/media/document/file/2025-03-01_talsperrenfuellstaende.pdf
2025-03-15;Breitenbach;7.8;6.43;82.44;https://www.bra.nrw.de/system/files/media/document/file/2025-03-15_talsperrenfuellstaende.pdf
2025-03-15;Obernau;14.9;13.12;88.05;https://www.bra.nrw.de/system/files/media/document/file/2025-03-15_talsperrenfuellstaende.pdf
2025-04-01;Breitenbach;7.8;6.26;80.26;https://www.bra.nrw.de/system/files/media/document/file/2025-04-01_talsperrenfuellstaende.pdf
2025-04-01;Obernau;14.9;12.76;85.64;https://www.bra.nrw.de/system/files/media/document/file/2025-04-01_talsperrenfuellstaende.pdf
2025-04-15;Breitenbach;7.8;6.05;77.56;https://www.bra.nrw.de/system/files/media/document/file/2025-04-15_talsperrenfuellstaende.pdf
2025-04-15;Obernau;14.9;12.4;83.22;https://www.bra.nrw.de/system/files/media/document/file/2025-04-15_talsperrenfuellstaende.pdf
2025-05-01;Breitenbach;7.8;6.01;77.05;https://www.bra.nrw.de/system/files/media/document/file/2025-05-01_talsperrenfuellstaende.pdf
2025-05-01;Obernau;14.9;12.25;82.21;https://www.bra.nrw.de/system/files/media/document/file/2025-05-01_talsperrenfuellstaende.pdf
2025-05-15;Breitenbach;7.8;5.88;75.38;https://www.bra.nrw.de/system/files/media/document/file/2025-05-15_talsperrenfuellstaende.pdf
2025-05-15;Obernau;14.9;11.99;80.47;https://www.bra.nrw.de/system/files/media/document/file/2025-05-15_talsperrenfuellstaende.pdf
2025-06-01;Breitenbach;7.8;5.71;73.21;https://www.bra.nrw.de/system/files/media/document/file/2025-06-01_talsperrenfuellstaende.pdf
2025-06-01;Obernau;14.9;11.56;77.58;https://www.bra.nrw.de/system/files/media/document/file/2025-06-01_talsperrenfuellstaende.pdf
2025-06-15;Breitenbach;7.8;5.67;72.69;https://www.bra.nrw.de/system/files/media/document/file/2025-06-15_talsperrenfuellstaende.pdf
2025-06-15;Obernau;14.9;11.37;76.31;https://www.bra.nrw.de/system/files/media/document/file/2025-06-15_talsperrenfuellstaende.pdf
2025-07-01;Breitenbach;7.8;5.48;70.26;https://www.bra.nrw.de/system/files/media/document/file/2025-07-01_talsperrenfuellstaende.pdf
2025-07-01;Obernau;14.9;10.87;72.95;https://www.bra.nrw.de/system/files/media/document/file/2025-07-01_talsperrenfuellstaende.pdf
